financial_results,01_CYBERMEDIA_25012026224121_cmilNPad.png
financial_results,08_STYLAMIND_25012026173047_Intimation_Newspaper_Publication.png
financial_results,102_SHYAMMETL_24012026154754_SMELOUTCOMEOFBM.png
financial_results,103_SHYAMMETL_24012026154547_SMELOUTCOMEOFBM.png
financial_results,106_SHYAMMETL_24012026154022_SMELOUTCOMEOFBM.png
financial_results,108_VAKRANGEE_24012026153753_OutcomeBM240126.png
financial_results,109_SHYAMMETL_24012026153532_SMELOUTCOMEOFBM.png
financial_results,111_SHYAMMETL_24012026153353_SMELOUTCOMEOFBM.png
financial_results,114_SGMART_24012026152113_NewspaperPublicationQ3FR24012026.png
financial_results,120_KAJARIACER_24012026151058_Conference_Call.png
financial_results,122_BORANA_24012026151209_SE_Press_Release.png
financial_results,123_ATUL1_24012026151021_Intimation.png
financial_results,129_SBFC_24012026144009_Outcomefinal.png
financial_results,12_AVANTEL_25012026150610_Outcome25012026.png
financial_results,131_Kotakmahindrabank_24012026144004_InvestorPresentationJan242026.png
financial_results,133_truneshgujar_24012026143608_newspaper.png
financial_results,134_ARVIND1_24012026143553_Arvind.png
financial_results,136_JTLIND_24012026143044_EarningsReleaseQ3FY26.png
financial_results,138_JTLIND_24012026142814_InvestorPresentationQ3FY26.png
financial_results,139_LAURUSLABS_24012026142654_NewsPub24012026.png
financial_results,140_Kotakmahindrabank_24012026142634_MediareleaseBMJan242026.png
financial_results,141_Kotakmahindrabank_24012026142242_OutcomeofBMJan242026.png
financial_results,142_Kotakmahindrabank_24012026141810_OutcomeofBMJan242026.png
financial_results,145_ONESOURCECDMO_24012026140825_OS_Earnings_Call_Audio.png
financial_results,147_KARURVYSYA_24012026134646_Reg_47-Advertisement_DSC.png
financial_results,149_JTLIND_24012026133227_OutcomeOfBMJTL24012026.png
financial_results,14_ONESOURCECDMO_25012026144835_OS_Newspaper_Adv_Q3FY26.png
financial_results,150_JTLIND_24012026132807_OutcomeOfBMJTL24012026.png
financial_results,154_ULTRACEMCO1_24012026131728_Outcome_of_BM.png
financial_results,155_BPCL22_24012026131010_stexinvestorhandouts24126s.png
financial_results,156_ONESOURCECDMO_24012026130741_OS_PR_Revised.png
financial_results,162_CIPLA_24012026130017_Cipla_Q3FY26_Newspaper_Advertisment_signed.png
financial_results,167_DBSTOCKBRO_24012026125110_Newspaperadvertisment23012026.png
financial_results,171_DPABHUSHAN_24012026124622_DP_Abhushan_Q3FY26_Investor_Presentation.png
financial_results,173_Harsha_24012026124150_HEIL_Earning_Call_31122025.png
financial_results,17_AVANTEL_25012026140620_Outcome25012026.png
financial_results,180_ZENSARTECH_24012026120928_SE_Intimation_Newspaper_publication.png
financial_results,181_REPCOHOME_24012026115900_Concall.png
financial_results,185_REPCOHOME_24012026113539_Intimation.png
financial_results,188_CSPICCADILY_24012026111549_AGRO_NEWS240126_FINAL.png
financial_results,26_JTLIND_25012026094432_InvestorCallRecording24012025.png
financial_results,42_GANDHAROIL_24012026204911_Newspaper_Advertisement_1.png
financial_results,48_IFBIND_24012026202637_Result_Upload_24_01_2026_U.png
financial_results,49_Kotakmahindrabank_24012026201646_AudioRecordingsJanuary242026.png
financial_results,52_COFORGE_24012026192631_NP_Intimation-CL.png
financial_results,53_CHENNPETRO_24012026192155_Q3_Results.png
financial_results,54_CIGNITITEC_24012026192028_CTL_Intimation.png
financial_results,65_SGFINSERVE_24012026174753_newspaperr_publish.png
financial_results,67_MUTHOOTCAPS_24012026174606_SE_Intimation.png
financial_results,74_20MICRONS_24012026171810_BseNseOutcomeDec2025Sign.png
financial_results,83_URBANCO_24012026164204_UC_FR_Newspaper_Clippings_24012026.png
financial_results,84_SURYODAY_24012026163135_Intimation_UFR_Newspaper_Publication_Dec_31_2025_sd.png
financial_results,87_20MICRONS_24012026161814_BseNseOutcomeDec2025Sign.png
financial_results,93_SHYAMMETL_24012026160647_SMELOUTCOMEOFBM.png
financial_results,01_CYBERMEDIA_25012026224121_cmilNPad.png
financial_results,01_CYBERMEDIA_25012026224121_cmilNPad.png
financial_results,01_CYBERMEDIA_25012026224121_cmilNPad.png
financial_results,08_STYLAMIND_25012026173047_Intimation_Newspaper_Publication.png
financial_results,102_SHYAMMETL_24012026154754_SMELOUTCOMEOFBM.png
financial_results,103_SHYAMMETL_24012026154547_SMELOUTCOMEOFBM.png
financial_results,106_SHYAMMETL_24012026154022_SMELOUTCOMEOFBM.png
financial_results,108_VAKRANGEE_24012026153753_OutcomeBM240126.png
financial_results,109_SHYAMMETL_24012026153532_SMELOUTCOMEOFBM.png
financial_results,111_SHYAMMETL_24012026153353_SMELOUTCOMEOFBM.png
financial_results,114_SGMART_24012026152113_NewspaperPublicationQ3FR24012026.png
financial_results,120_KAJARIACER_24012026151058_Conference_Call.png
financial_results,122_BORANA_24012026151209_SE_Press_Release.png
financial_results,123_ATUL1_24012026151021_Intimation.png
financial_results,129_SBFC_24012026144009_Outcomefinal.png
financial_results,12_AVANTEL_25012026150610_Outcome25012026.png
financial_results,131_Kotakmahindrabank_24012026144004_InvestorPresentationJan242026.png
financial_results,133_truneshgujar_24012026143608_newspaper.png
financial_results,134_ARVIND1_24012026143553_Arvind.png
financial_results,136_JTLIND_24012026143044_EarningsReleaseQ3FY26.png
financial_results,138_JTLIND_24012026142814_InvestorPresentationQ3FY26.png
financial_results,139_LAURUSLABS_24012026142654_NewsPub24012026.png
financial_results,140_Kotakmahindrabank_24012026142634_MediareleaseBMJan242026.png
financial_results,141_Kotakmahindrabank_24012026142242_OutcomeofBMJan242026.png
financial_results,142_Kotakmahindrabank_24012026141810_OutcomeofBMJan242026.png
financial_results,145_ONESOURCECDMO_24012026140825_OS_Earnings_Call_Audio.png
financial_results,147_KARURVYSYA_24012026134646_Reg_47-Advertisement_DSC.png
financial_results,149_JTLIND_24012026133227_OutcomeOfBMJTL24012026.png
financial_results,14_ONESOURCECDMO_25012026144835_OS_Newspaper_Adv_Q3FY26.png
financial_results,150_JTLIND_24012026132807_OutcomeOfBMJTL24012026.png
financial_results,154_ULTRACEMCO1_24012026131728_Outcome_of_BM.png
financial_results,155_BPCL22_24012026131010_stexinvestorhandouts24126s.png
financial_results,156_ONESOURCECDMO_24012026130741_OS_PR_Revised.png
financial_results,162_CIPLA_24012026130017_Cipla_Q3FY26_Newspaper_Advertisment_signed.png
financial_results,167_DBSTOCKBRO_24012026125110_Newspaperadvertisment23012026.png
financial_results,171_DPABHUSHAN_24012026124622_DP_Abhushan_Q3FY26_Investor_Presentation.png
financial_results,173_Harsha_24012026124150_HEIL_Earning_Call_31122025.png
financial_results,01_CYBERMEDIA_25012026224121_cmilNPad.png
financial_results,08_STYLAMIND_25012026173047_Intimation_Newspaper_Publication.png
financial_results,102_SHYAMMETL_24012026154754_SMELOUTCOMEOFBM.png
financial_results,103_SHYAMMETL_24012026154547_SMELOUTCOMEOFBM.png
financial_results,106_SHYAMMETL_24012026154022_SMELOUTCOMEOFBM.png
financial_results,01_CYBERMEDIA_25012026224121_cmilNPad.png
financial_results,08_STYLAMIND_25012026173047_Intimation_Newspaper_Publication.png
financial_results,102_SHYAMMETL_24012026154754_SMELOUTCOMEOFBM.png
financial_results,103_SHYAMMETL_24012026154547_SMELOUTCOMEOFBM.png
financial_results,106_SHYAMMETL_24012026154022_SMELOUTCOMEOFBM.png
financial_results,108_VAKRANGEE_24012026153753_OutcomeBM240126.png
financial_results,01_CYBERMEDIA_25012026224121_cmilNPad.png
financial_results,08_STYLAMIND_25012026173047_Intimation_Newspaper_Publication.png
